Date,Activity,Group,Start,End,Duration,Distance,Steps,Calories
1/2/15,transport,transport,2015-02-01T06:22:11+05:30,2015-02-01T06:38:51+05:30,1000,6.913,0,0
1/2/15,walking,walking,2015-02-01T12:16:23+05:30,2015-02-01T12:23:43+05:30,440,0.291,626,24
1/2/15,walking,walking,2015-02-01T12:30:00+05:30,2015-02-01T12:39:30+05:30,570,0.423,907,35
1/2/15,walking,walking,2015-02-01T16:18:30+05:30,2015-02-01T16:19:30+05:30,60,0.035,111,3
2/2/15,walking,walking,2015-02-02T10:00:35+05:30,2015-02-02T10:07:34+05:30,419,0.270,548,22
2/2/15,walking,walking,2015-02-02T10:08:18+05:30,2015-02-02T10:08:48+05:30,30,0.012,40,1
2/2/15,walking,walking,2015-02-02T10:11:14+05:30,2015-02-02T10:18:26+05:30,432,0.283,661,23
2/2/15,walking,walking,2015-02-02T10:19:55+05:30,2015-02-02T10:20:25+05:30,30,0.012,40,1
2/2/15,walking,walking,2015-02-02T10:43:56+05:30,2015-02-02T10:44:56+05:30,60,0.032,101,3
2/2/15,walking,walking,2015-02-02T14:30:32+05:30,2015-02-02T14:38:27+05:30,475,0.345,819,29
2/2/15,walking,walking,2015-02-02T14:43:26+05:30,2015-02-02T14:43:56+05:30,30,0.012,40,1
2/2/15,walking,walking,2015-02-02T14:50:27+05:30,2015-02-02T14:55:08+05:30,281,0.242,325,20
2/2/15,walking,walking,2015-02-02T16:48:41+05:30,2015-02-02T17:17:18+05:30,1717,1.661,2228,137
2/2/15,transport,transport,2015-02-02T17:17:18+05:30,2015-02-02T17:26:35+05:30,557,0.497,0,0
2/2/15,walking,walking,2015-02-02T17:26:49+05:30,2015-02-02T17:27:19+05:30,30,0.009,30,1
2/2/15,walking,walking,2015-02-02T20:34:12+05:30,2015-02-02T20:35:12+05:30,60,0.025,81,2
2/2/15,transport,transport,2015-02-02T20:40:40+05:30,2015-02-02T20:47:26+05:30,406,0.297,0,0
2/2/15,walking,walking,2015-02-02T20:47:26+05:30,2015-02-02T21:01:49+05:30,863,0.606,933,50
3/2/15,walking,walking,2015-02-03T11:13:40+05:30,2015-02-03T11:19:17+05:30,337,0.319,655,26
3/2/15,walking,walking,2015-02-03T11:19:17+05:30,2015-02-03T11:21:22+05:30,125,0.039,118,3
3/2/15,walking,walking,2015-02-03T12:13:10+05:30,2015-02-03T12:18:49+05:30,339,0.340,670,28
3/2/15,walking,walking,2015-02-03T14:23:06+05:30,2015-02-03T14:32:32+05:30,566,0.425,859,35
3/2/15,transport,transport,2015-02-03T14:32:32+05:30,2015-02-03T14:53:40+05:30,1268,5.706,0,0
3/2/15,walking,walking,2015-02-03T14:53:39+05:30,2015-02-03T14:58:50+05:30,311,0.169,545,14
3/2/15,cycling,cycling,2015-02-03T14:58:50+05:30,2015-02-03T15:08:51+05:30,601,1.934,0,71
3/2/15,walking,walking,2015-02-03T15:09:10+05:30,2015-02-03T15:12:40+05:30,210,0.113,243,9
3/2/15,walking,walking,2015-02-03T18:11:33+05:30,2015-02-03T18:17:15+05:30,342,0.192,358,16
3/2/15,transport,transport,2015-02-03T18:17:15+05:30,2015-02-03T18:36:17+05:30,1142,3.285,0,0
3/2/15,cycling,cycling,2015-02-03T18:36:16+05:30,2015-02-03T18:51:00+05:30,884,4.244,0,151
3/2/15,walking,walking,2015-02-03T18:51:00+05:30,2015-02-03T18:56:34+05:30,334,0.171,272,14
3/2/15,walking,walking,2015-02-03T19:01:53+05:30,2015-02-03T19:02:53+05:30,60,0.035,111,3
3/2/15,transport,transport,2015-02-03T19:04:06+05:30,2015-02-03T19:20:29+05:30,983,1.241,0,0
3/2/15,cycling,cycling,2015-02-03T19:26:28+05:30,2015-02-03T19:32:59+05:30,391,1.017,0,38
3/2/15,walking,walking,2015-02-03T19:33:21+05:30,2015-02-03T19:33:30+05:30,9,0.002,9,0
4/2/15,running,running,2015-02-04T06:20:43+05:30,2015-02-04T06:32:33+05:30,710,0.822,1631,85
4/2/15,walking,walking,2015-02-04T06:32:32+05:30,2015-02-04T06:40:27+05:30,475,0.490,813,41
4/2/15,walking,walking,2015-02-04T10:51:42+05:30,2015-02-04T10:59:03+05:30,441,0.298,297,25
4/2/15,walking,walking,2015-02-04T11:02:04+05:30,2015-02-04T11:05:10+05:30,186,0.106,339,9
4/2/15,walking,walking,2015-02-04T11:21:30+05:30,2015-02-04T11:29:09+05:30,459,0.486,743,40
4/2/15,walking,walking,2015-02-04T11:30:02+05:30,2015-02-04T11:30:32+05:30,30,0.012,40,1
4/2/15,transport,transport,2015-02-04T16:24:08+05:30,2015-02-04T16:44:40+05:30,1232,2.657,0,0
4/2/15,walking,walking,2015-02-04T16:44:39+05:30,2015-02-04T16:49:57+05:30,318,0.275,477,23
4/2/15,walking,walking,2015-02-04T16:57:46+05:30,2015-02-04T16:58:16+05:30,30,0.016,51,1
4/2/15,transport,transport,2015-02-04T20:00:52+05:30,2015-02-04T20:23:06+05:30,1334,2.868,0,0
4/2/15,walking,walking,2015-02-04T20:23:06+05:30,2015-02-04T20:33:07+05:30,601,0.460,932,38
5/2/15,running,running,2015-02-05T07:06:08+05:30,2015-02-05T07:20:14+05:30,846,1.230,2059,125
5/2/15,walking,walking,2015-02-05T07:20:14+05:30,2015-02-05T07:28:34+05:30,500,0.405,814,34
5/2/15,walking,walking,2015-02-05T07:52:20+05:30,2015-02-05T07:56:33+05:30,253,0.255,342,21
5/2/15,walking,walking,2015-02-05T09:35:28+05:30,2015-02-05T09:44:57+05:30,569,0.327,886,27
5/2/15,walking,walking,2015-02-05T09:45:21+05:30,2015-02-05T09:45:51+05:30,30,0.016,51,1
5/2/15,walking,walking,2015-02-05T09:58:38+05:30,2015-02-05T10:07:31+05:30,533,0.354,884,29
5/2/15,walking,walking,2015-02-05T10:09:58+05:30,2015-02-05T10:10:28+05:30,30,0.016,51,1
5/2/15,walking,walking,2015-02-05T15:07:26+05:30,2015-02-05T15:10:58+05:30,212,0.170,364,14
5/2/15,walking,walking,2015-02-05T20:22:37+05:30,2015-02-05T20:30:29+05:30,472,0.234,753,19
5/2/15,walking,walking,2015-02-05T20:31:15+05:30,2015-02-05T20:36:45+05:30,330,0.193,415,16
5/2/15,walking,walking,2015-02-05T20:38:57+05:30,2015-02-05T20:46:57+05:30,480,0.224,577,19
5/2/15,walking,walking,2015-02-05T20:49:43+05:30,2015-02-05T20:49:49+05:30,6,0.002,8,0
6/2/15,walking,walking,2015-02-06T10:12:30+05:30,2015-02-06T10:13:46+05:30,76,0.034,109,3
6/2/15,running,running,2015-02-06T10:17:54+05:30,2015-02-06T10:30:36+05:30,762,0.987,1851,101
6/2/15,walking,walking,2015-02-06T10:30:36+05:30,2015-02-06T10:44:01+05:30,805,0.410,952,34
6/2/15,transport,transport,2015-02-06T12:30:47+05:30,2015-02-06T12:39:24+05:30,517,0.369,0,0
6/2/15,walking,walking,2015-02-06T18:54:15+05:30,2015-02-06T18:57:28+05:30,193,0.279,390,23
6/2/15,transport,transport,2015-02-06T18:57:27+05:30,2015-02-06T19:04:57+05:30,450,1.016,0,0
6/2/15,walking,walking,2015-02-06T19:04:58+05:30,2015-02-06T19:24:27+05:30,1169,1.404,1899,116
6/2/15,walking,walking,2015-02-06T19:30:29+05:30,2015-02-06T19:31:50+05:30,81,0.035,114,3
6/2/15,walking,walking,2015-02-06T19:39:51+05:30,2015-02-06T20:19:58+05:30,2407,1.913,4447,158
6/2/15,walking,walking,2015-02-06T20:23:26+05:30,2015-02-06T20:31:06+05:30,460,0.333,816,28
7/2/15,running,running,2015-02-07T08:36:20+05:30,2015-02-07T08:44:47+05:30,507,0.620,1221,64
7/2/15,walking,walking,2015-02-07T08:44:47+05:30,2015-02-07T08:51:38+05:30,411,0.290,550,24
7/2/15,cycling,cycling,2015-02-07T08:51:38+05:30,2015-02-07T08:56:08+05:30,270,0.831,0,30
7/2/15,walking,walking,2015-02-07T08:56:08+05:30,2015-02-07T08:58:10+05:30,122,0.110,205,9
7/2/15,walking,walking,2015-02-07T09:01:01+05:30,2015-02-07T09:10:09+05:30,548,0.605,812,50
7/2/15,cycling,cycling,2015-02-07T09:10:09+05:30,2015-02-07T09:13:10+05:30,181,0.600,0,22
7/2/15,walking,walking,2015-02-07T09:13:10+05:30,2015-02-07T09:14:40+05:30,90,0.041,131,3
7/2/15,walking,walking,2015-02-07T22:00:37+05:30,2015-02-07T22:07:30+05:30,413,0.316,605,26
7/2/15,walking,walking,2015-02-07T22:10:27+05:30,2015-02-07T22:15:57+05:30,330,0.260,557,21
7/2/15,walking,walking,2015-02-07T22:21:52+05:30,2015-02-07T22:27:05+05:30,313,0.316,602,26
7/2/15,walking,walking,2015-02-07T22:28:28+05:30,2015-02-07T22:29:58+05:30,90,0.038,121,3
8/2/15,running,running,2015-02-08T07:32:12+05:30,2015-02-08T07:45:09+05:30,777,1.030,1605,105
8/2/15,walking,walking,2015-02-08T07:45:09+05:30,2015-02-08T07:49:13+05:30,244,0.208,358,17
8/2/15,walking,walking,2015-02-08T07:52:42+05:30,2015-02-08T07:53:12+05:30,30,0.012,40,1
8/2/15,walking,walking,2015-02-08T08:01:44+05:30,2015-02-08T08:11:40+05:30,596,0.370,620,31
8/2/15,walking,walking,2015-02-08T21:17:12+05:30,2015-02-08T21:25:04+05:30,472,0.321,736,27
8/2/15,walking,walking,2015-02-08T21:36:19+05:30,2015-02-08T21:37:49+05:30,90,0.047,153,4
8/2/15,walking,walking,2015-02-08T22:24:50+05:30,2015-02-08T22:27:04+05:30,134,0.096,266,8
8/2/15,walking,walking,2015-02-08T22:27:03+05:30,2015-02-08T22:32:02+05:30,299,0.202,559,17
8/2/15,walking,walking,2015-02-08T22:34:38+05:30,2015-02-08T22:35:04+05:30,26,0.008,15,1
9/2/15,walking,walking,2015-02-09T09:52:25+05:30,2015-02-09T09:52:55+05:30,30,0.009,30,1
9/2/15,walking,walking,2015-02-09T12:56:14+05:30,2015-02-09T13:05:08+05:30,534,0.344,915,28
9/2/15,walking,walking,2015-02-09T13:08:30+05:30,2015-02-09T13:11:30+05:30,180,0.104,222,9
9/2/15,walking,walking,2015-02-09T13:21:48+05:30,2015-02-09T13:28:45+05:30,417,0.345,903,29
10/2/15,walking,walking,2015-02-10T10:05:13+05:30,2015-02-10T10:11:12+05:30,359,0.311,687,26
10/2/15,walking,walking,2015-02-10T10:17:53+05:30,2015-02-10T10:21:21+05:30,208,0.295,421,24
10/2/15,walking,walking,2015-02-10T14:39:00+05:30,2015-02-10T14:43:37+05:30,277,0.198,370,16
10/2/15,walking,walking,2015-02-10T15:51:42+05:30,2015-02-10T15:52:56+05:30,74,0.034,109,3
10/2/15,walking,walking,2015-02-10T20:42:43+05:30,2015-02-10T20:50:40+05:30,477,0.283,516,23
10/2/15,walking,walking,2015-02-10T20:52:30+05:30,2015-02-10T20:52:44+05:30,14,0.007,24,1
10/2/15,walking,walking,2015-02-10T20:57:40+05:30,2015-02-10T20:58:31+05:30,51,0.038,51,3
10/2/15,walking,walking,2015-02-10T21:00:40+05:30,2015-02-10T21:04:25+05:30,225,0.137,314,11
10/2/15,walking,walking,2015-02-10T21:12:02+05:30,2015-02-10T21:12:32+05:30,30,0.012,41,1
11/2/15,walking,walking,2015-02-11T12:31:04+05:30,2015-02-11T12:32:04+05:30,60,0.019,61,2
11/2/15,walking,walking,2015-02-11T12:38:43+05:30,2015-02-11T12:41:17+05:30,154,0.210,281,17
11/2/15,walking,walking,2015-02-11T13:06:46+05:30,2015-02-11T13:14:33+05:30,467,0.355,630,29
11/2/15,walking,walking,2015-02-11T15:41:22+05:30,2015-02-11T15:41:36+05:30,14,0.007,24,1
11/2/15,cycling,cycling,2015-02-11T15:42:00+05:30,2015-02-11T16:11:16+05:30,1756,5.227,0,192
11/2/15,walking,walking,2015-02-11T16:11:16+05:30,2015-02-11T16:13:54+05:30,158,0.070,223,6
11/2/15,walking,walking,2015-02-11T16:19:47+05:30,2015-02-11T16:20:15+05:30,28,0.016,53,1
11/2/15,cycling,cycling,2015-02-11T17:07:03+05:30,2015-02-11T17:34:14+05:30,1631,5.402,0,197
11/2/15,walking,walking,2015-02-11T17:41:37+05:30,2015-02-11T17:42:44+05:30,67,0.035,114,3
11/2/15,walking,walking,2015-02-11T18:58:25+05:30,2015-02-11T19:02:45+05:30,260,0.186,346,15
11/2/15,walking,walking,2015-02-11T22:39:06+05:30,2015-02-11T22:40:22+05:30,76,0.047,149,4
12/2/15,walking,walking,2015-02-12T00:25:18+05:30,2015-02-12T00:25:48+05:30,30,0.012,41,1
12/2/15,walking,walking,2015-02-12T01:30:38+05:30,2015-02-12T01:31:08+05:30,30,0.012,40,1
12/2/15,walking,walking,2015-02-12T12:08:22+05:30,2015-02-12T12:15:39+05:30,437,0.313,721,26
12/2/15,walking,walking,2015-02-12T12:16:39+05:30,2015-02-12T12:19:09+05:30,150,0.101,216,8
12/2/15,walking,walking,2015-02-12T12:27:01+05:30,2015-02-12T12:29:55+05:30,174,0.176,236,15
12/2/15,walking,walking,2015-02-12T18:24:20+05:30,2015-02-12T18:32:27+05:30,487,0.385,951,32
12/2/15,transport,transport,2015-02-12T18:32:26+05:30,2015-02-12T18:35:56+05:30,210,1.156,0,0
12/2/15,walking,walking,2015-02-12T18:35:57+05:30,2015-02-12T18:38:25+05:30,148,0.118,170,10
12/2/15,cycling,cycling,2015-02-12T18:38:25+05:30,2015-02-12T18:46:46+05:30,501,1.419,0,52
12/2/15,walking,walking,2015-02-12T18:46:46+05:30,2015-02-12T18:51:11+05:30,265,0.270,514,22
12/2/15,walking,walking,2015-02-12T20:02:52+05:30,2015-02-12T20:03:52+05:30,60,0.019,60,2
12/2/15,walking,walking,2015-02-12T22:48:19+05:30,2015-02-12T23:17:11+05:30,1732,1.519,2994,126
12/2/15,transport,transport,2015-02-12T23:17:10+05:30,2015-02-12T23:22:39+05:30,329,1.242,0,0
12/2/15,walking,walking,2015-02-12T23:22:39+05:30,2015-02-12T23:35:03+05:30,744,0.393,1052,33
12/2/15,walking,walking,2015-02-12T23:35:40+05:30,2015-02-12T23:36:40+05:30,60,0.025,81,2
13/2/15,walking,walking,2015-02-13T14:06:02+05:30,2015-02-13T14:07:17+05:30,75,0.032,101,3
13/2/15,walking,walking,2015-02-13T14:10:53+05:30,2015-02-13T14:13:15+05:30,142,0.179,240,15
13/2/15,walking,walking,2015-02-13T14:14:39+05:30,2015-02-13T14:18:39+05:30,240,0.112,220,9
13/2/15,walking,walking,2015-02-13T14:22:18+05:30,2015-02-13T14:30:01+05:30,463,0.344,734,28
13/2/15,walking,walking,2015-02-13T14:31:46+05:30,2015-02-13T14:32:46+05:30,60,0.025,81,2
13/2/15,walking,walking,2015-02-13T17:21:58+05:30,2015-02-13T17:39:52+05:30,1074,0.969,1944,80
13/2/15,walking,walking,2015-02-13T17:47:20+05:30,2015-02-13T17:48:20+05:30,60,0.035,112,3
13/2/15,walking,walking,2015-02-13T18:10:34+05:30,2015-02-13T18:31:48+05:30,1274,1.104,2051,91
13/2/15,walking,walking,2015-02-13T18:32:45+05:30,2015-02-13T18:33:45+05:30,60,0.025,81,2
14/2/15,walking,walking,2015-02-14T09:52:57+05:30,2015-02-14T10:00:08+05:30,431,0.444,675,37
14/2/15,walking,walking,2015-02-14T10:04:21+05:30,2015-02-14T10:08:51+05:30,270,0.171,481,14
15/2/15,walking,walking,2015-02-15T13:59:28+05:30,2015-02-15T14:04:59+05:30,331,0.360,521,30
15/2/15,walking,walking,2015-02-15T14:06:48+05:30,2015-02-15T14:08:18+05:30,90,0.050,162,4
15/2/15,walking,walking,2015-02-15T14:15:12+05:30,2015-02-15T14:20:53+05:30,341,0.408,692,34
15/2/15,walking,walking,2015-02-15T18:23:47+05:30,2015-02-15T18:29:24+05:30,337,0.241,450,20
15/2/15,walking,walking,2015-02-15T18:36:22+05:30,2015-02-15T18:38:32+05:30,130,0.106,227,9
15/2/15,walking,walking,2015-02-15T18:45:52+05:30,2015-02-15T18:49:20+05:30,208,0.214,450,18
15/2/15,walking,walking,2015-02-15T18:53:08+05:30,2015-02-15T18:55:08+05:30,120,0.056,81,5
15/2/15,walking,walking,2015-02-15T19:31:06+05:30,2015-02-15T19:34:59+05:30,233,0.167,311,14
16/2/15,walking,walking,2015-02-16T10:11:31+05:30,2015-02-16T10:17:42+05:30,371,0.309,690,26
16/2/15,walking,walking,2015-02-16T10:20:04+05:30,2015-02-16T10:20:34+05:30,30,0.012,40,1
16/2/15,walking,walking,2015-02-16T10:22:51+05:30,2015-02-16T10:56:12+05:30,2001,1.385,3447,115
16/2/15,walking,walking,2015-02-16T19:13:45+05:30,2015-02-16T19:22:11+05:30,506,0.505,774,42
16/2/15,walking,walking,2015-02-16T19:31:39+05:30,2015-02-16T19:32:09+05:30,30,0.016,51,1
16/2/15,walking,walking,2015-02-16T19:41:06+05:30,2015-02-16T19:43:36+05:30,150,0.075,162,6
16/2/15,walking,walking,2015-02-16T19:47:55+05:30,2015-02-16T19:57:14+05:30,559,0.452,864,37
16/2/15,walking,walking,2015-02-16T19:58:49+05:30,2015-02-16T19:59:19+05:30,30,0.009,20,1
17/2/15,walking,walking,2015-02-17T12:28:30+05:30,2015-02-17T12:35:57+05:30,447,0.310,696,26
17/2/15,walking,walking,2015-02-17T12:36:53+05:30,2015-02-17T12:37:23+05:30,30,0.009,30,1
17/2/15,walking,walking,2015-02-17T12:56:00+05:30,2015-02-17T13:02:24+05:30,384,0.340,625,28
17/2/15,walking,walking,2015-02-17T13:03:57+05:30,2015-02-17T13:04:27+05:30,30,0.012,40,1
17/2/15,transport,transport,2015-02-17T14:23:40+05:30,2015-02-17T14:34:29+05:30,649,2.196,0,0
17/2/15,walking,walking,2015-02-17T14:36:35+05:30,2015-02-17T14:37:05+05:30,30,0.012,40,1
17/2/15,transport,transport,2015-02-17T20:43:20+05:30,2015-02-17T20:57:32+05:30,852,0.608,0,0
18/2/15,walking,walking,2015-02-18T10:47:39+05:30,2015-02-18T10:55:09+05:30,450,0.326,842,27
18/2/15,walking,walking,2015-02-18T11:00:33+05:30,2015-02-18T11:08:39+05:30,486,0.348,768,29
19/2/15,walking,walking,2015-02-19T08:07:50+05:30,2015-02-19T08:14:44+05:30,414,0.316,779,26
19/2/15,walking,walking,2015-02-19T08:23:14+05:30,2015-02-19T08:24:14+05:30,60,0.032,101,3
19/2/15,walking,walking,2015-02-19T08:28:29+05:30,2015-02-19T08:34:51+05:30,382,0.318,592,26
19/2/15,walking,walking,2015-02-19T17:36:15+05:30,2015-02-19T17:44:48+05:30,513,0.346,742,29
19/2/15,walking,walking,2015-02-19T17:50:14+05:30,2015-02-19T17:53:38+05:30,204,0.220,358,18
19/2/15,walking,walking,2015-02-19T18:07:13+05:30,2015-02-19T18:07:43+05:30,30,0.012,40,1
19/2/15,walking,walking,2015-02-19T20:42:50+05:30,2015-02-19T20:48:32+05:30,342,0.222,523,18
19/2/15,walking,walking,2015-02-19T20:52:52+05:30,2015-02-19T20:54:30+05:30,98,0.048,153,4
19/2/15,walking,walking,2015-02-19T21:13:47+05:30,2015-02-19T21:23:59+05:30,612,0.506,920,42
19/2/15,walking,walking,2015-02-19T21:27:57+05:30,2015-02-19T21:28:27+05:30,30,0.016,51,1
19/2/15,walking,walking,2015-02-19T21:38:44+05:30,2015-02-19T21:44:14+05:30,330,0.165,354,14
19/2/15,walking,walking,2015-02-19T21:46:13+05:30,2015-02-19T21:54:15+05:30,482,0.329,793,27
19/2/15,walking,walking,2015-02-19T21:59:15+05:30,2015-02-19T22:00:15+05:30,60,0.029,91,2
20/2/15,walking,walking,2015-02-20T11:36:43+05:30,2015-02-20T11:44:35+05:30,472,0.306,677,25
20/2/15,walking,walking,2015-02-20T11:45:00+05:30,2015-02-20T11:47:00+05:30,120,0.085,182,7
20/2/15,walking,walking,2015-02-20T11:55:25+05:30,2015-02-20T12:00:27+05:30,302,0.328,582,27
20/2/15,walking,walking,2015-02-20T12:02:17+05:30,2015-02-20T12:02:47+05:30,30,0.009,20,1
20/2/15,walking,walking,2015-02-20T14:13:08+05:30,2015-02-20T14:14:08+05:30,60,0.019,60,2
20/2/15,walking,walking,2015-02-20T15:40:12+05:30,2015-02-20T15:47:32+05:30,440,0.355,763,29
20/2/15,walking,walking,2015-02-20T16:35:47+05:30,2015-02-20T16:44:48+05:30,541,0.434,932,36
20/2/15,walking,walking,2015-02-20T17:48:35+05:30,2015-02-20T17:49:05+05:30,30,0.009,20,1
21/2/15,walking,walking,2015-02-21T08:43:38+05:30,2015-02-21T08:44:08+05:30,30,0.012,40,1
21/2/15,walking,walking,2015-02-21T13:27:13+05:30,2015-02-21T13:28:13+05:30,60,0.029,91,2
21/2/15,walking,walking,2015-02-21T13:31:17+05:30,2015-02-21T13:33:47+05:30,150,0.070,142,6
21/2/15,walking,walking,2015-02-21T17:37:10+05:30,2015-02-21T17:42:40+05:30,330,0.303,623,25
21/2/15,walking,walking,2015-02-21T17:55:08+05:30,2015-02-21T17:58:37+05:30,209,0.237,318,20
21/2/15,walking,walking,2015-02-21T19:33:50+05:30,2015-02-21T19:37:20+05:30,210,0.146,314,12
22/2/15,walking,walking,2015-02-22T10:48:16+05:30,2015-02-22T10:57:03+05:30,527,0.332,826,27
22/2/15,walking,walking,2015-02-22T11:02:03+05:30,2015-02-22T11:06:33+05:30,270,0.127,273,11
22/2/15,walking,walking,2015-02-22T11:10:46+05:30,2015-02-22T11:15:42+05:30,296,0.319,526,26
22/2/15,walking,walking,2015-02-22T11:16:56+05:30,2015-02-22T11:17:26+05:30,30,0.009,30,1
22/2/15,walking,walking,2015-02-22T17:47:32+05:30,2015-02-22T17:56:39+05:30,547,0.321,1028,27
22/2/15,walking,walking,2015-02-22T18:04:40+05:30,2015-02-22T18:06:40+05:30,120,0.057,122,5
22/2/15,walking,walking,2015-02-22T18:10:02+05:30,2015-02-22T18:12:56+05:30,174,0.217,293,18
22/2/15,walking,walking,2015-02-22T18:16:51+05:30,2015-02-22T18:19:58+05:30,187,0.139,304,12
22/2/15,walking,walking,2015-02-22T18:26:29+05:30,2015-02-22T18:26:59+05:30,30,0.019,61,2
22/2/15,walking,walking,2015-02-22T20:37:53+05:30,2015-02-22T21:04:19+05:30,1586,1.388,3147,115
22/2/15,walking,walking,2015-02-22T21:28:43+05:30,2015-02-22T21:54:23+05:30,1540,1.476,2472,122
22/2/15,walking,walking,2015-02-22T21:54:45+05:30,2015-02-22T22:00:29+05:30,344,0.192,412,16
23/2/15,walking,walking,2015-02-23T08:36:45+05:30,2015-02-23T08:42:57+05:30,372,0.257,314,21
23/2/15,walking,walking,2015-02-23T08:46:29+05:30,2015-02-23T08:53:26+05:30,417,0.265,757,22
23/2/15,walking,walking,2015-02-23T08:59:05+05:30,2015-02-23T09:01:08+05:30,123,0.071,154,6
23/2/15,walking,walking,2015-02-23T12:23:17+05:30,2015-02-23T12:23:47+05:30,30,0.025,81,2
23/2/15,walking,walking,2015-02-23T13:36:20+05:30,2015-02-23T13:48:21+05:30,721,0.594,1275,49
23/2/15,walking,walking,2015-02-23T19:09:34+05:30,2015-02-23T19:10:04+05:30,30,0.009,30,1
23/2/15,walking,walking,2015-02-23T19:21:52+05:30,2015-02-23T19:26:31+05:30,279,0.279,579,23
23/2/15,walking,walking,2015-02-23T19:29:54+05:30,2015-02-23T19:30:55+05:30,61,0.035,112,3
23/2/15,walking,walking,2015-02-23T19:42:40+05:30,2015-02-23T20:06:53+05:30,1453,1.153,1917,95
23/2/15,walking,walking,2015-02-23T21:48:02+05:30,2015-02-23T21:58:04+05:30,602,0.342,1050,28
23/2/15,walking,walking,2015-02-23T22:03:32+05:30,2015-02-23T22:11:32+05:30,480,0.368,790,30
23/2/15,transport,transport,2015-02-23T23:45:53+05:30,2015-02-24T00:02:33+05:30,1000,1.135,0,0
24/2/15,walking,walking,2015-02-24T00:02:33+05:30,2015-02-24T00:11:35+05:30,542,0.405,1006,34
24/2/15,walking,walking,2015-02-24T00:18:04+05:30,2015-02-24T00:19:34+05:30,90,0.053,172,4
24/2/15,transport,transport,2015-02-24T07:17:43+05:30,2015-02-24T07:45:16+05:30,1653,1.077,0,0
24/2/15,walking,walking,2015-02-24T08:19:56+05:30,2015-02-24T08:24:00+05:30,244,0.124,267,10
24/2/15,walking,walking,2015-02-24T10:09:55+05:30,2015-02-24T10:13:48+05:30,233,0.167,311,14
24/2/15,walking,walking,2015-02-24T13:09:01+05:30,2015-02-24T13:16:31+05:30,450,0.245,527,20
24/2/15,walking,walking,2015-02-24T13:31:02+05:30,2015-02-24T13:39:05+05:30,483,0.324,695,27
25/2/15,walking,walking,2015-02-25T06:29:25+05:30,2015-02-25T06:35:29+05:30,364,0.188,419,16
25/2/15,walking,walking,2015-02-25T07:36:19+05:30,2015-02-25T07:51:08+05:30,889,0.526,1129,44
25/2/15,walking,walking,2015-02-25T09:26:26+05:30,2015-02-25T09:26:56+05:30,30,0.016,51,1
25/2/15,walking,walking,2015-02-25T11:10:07+05:30,2015-02-25T11:10:37+05:30,30,0.009,30,1
25/2/15,walking,walking,2015-02-25T13:49:33+05:30,2015-02-25T14:06:22+05:30,1009,0.692,1484,57
25/2/15,walking,walking,2015-02-25T15:34:27+05:30,2015-02-25T15:34:57+05:30,30,0.009,30,1
25/2/15,walking,walking,2015-02-25T18:53:08+05:30,2015-02-25T18:55:08+05:30,120,0.050,162,4
25/2/15,walking,walking,2015-02-25T21:42:49+05:30,2015-02-25T21:57:50+05:30,901,0.604,1295,50
26/2/15,walking,walking,2015-02-26T07:00:11+05:30,2015-02-26T07:00:15+05:30,4,0.001,2,0
26/2/15,walking,walking,2015-02-26T11:25:09+05:30,2015-02-26T11:25:27+05:30,18,0.006,0,0
26/2/15,walking,walking,2015-02-26T11:26:24+05:30,2015-02-26T11:32:33+05:30,369,0.234,623,19
26/2/15,walking,walking,2015-02-26T11:35:24+05:30,2015-02-26T11:36:57+05:30,93,0.045,147,4
26/2/15,walking,walking,2015-02-26T11:45:33+05:30,2015-02-26T11:50:52+05:30,319,0.329,461,27
26/2/15,walking,walking,2015-02-26T17:06:53+05:30,2015-02-26T17:07:23+05:30,30,0.012,40,1
26/2/15,walking,walking,2015-02-26T17:11:08+05:30,2015-02-26T17:15:25+05:30,257,0.330,442,27
26/2/15,walking,walking,2015-02-26T17:19:05+05:30,2015-02-26T17:32:58+05:30,833,0.465,1084,38
26/2/15,walking,walking,2015-02-26T17:35:11+05:30,2015-02-26T17:35:41+05:30,30,0.016,51,1
27/2/15,walking,walking,2015-02-27T07:33:04+05:30,2015-02-27T07:37:08+05:30,244,0.178,381,15
27/2/15,walking,walking,2015-02-27T10:15:37+05:30,2015-02-27T10:21:30+05:30,353,0.249,686,21
27/2/15,walking,walking,2015-02-27T10:38:10+05:30,2015-02-27T10:45:56+05:30,466,0.341,786,28
27/2/15,walking,walking,2015-02-27T13:28:49+05:30,2015-02-27T13:59:34+05:30,1845,1.175,2862,97
27/2/15,transport,transport,2015-02-27T15:47:02+05:30,2015-02-27T15:52:48+05:30,346,1.255,0,0
27/2/15,transport,transport,2015-02-27T15:55:08+05:30,2015-02-27T16:03:40+05:30,512,1.944,0,0
27/2/15,walking,walking,2015-02-27T16:04:14+05:30,2015-02-27T16:06:44+05:30,150,0.137,294,11
27/2/15,transport,transport,2015-02-27T17:26:12+05:30,2015-02-27T17:55:41+05:30,1769,5.442,0,0
27/2/15,transport,transport,2015-02-27T17:58:03+05:30,2015-02-27T18:02:37+05:30,274,1.186,0,0
27/2/15,walking,walking,2015-02-27T18:03:03+05:30,2015-02-27T18:03:41+05:30,38,0.028,90,2
28/2/15,walking,walking,2015-02-28T09:56:57+05:30,2015-02-28T10:04:30+05:30,453,0.297,437,25
28/2/15,walking,walking,2015-02-28T10:10:58+05:30,2015-02-28T10:12:00+05:30,62,0.019,29,2
28/2/15,walking,walking,2015-02-28T10:31:18+05:30,2015-02-28T10:39:44+05:30,506,0.441,648,36
28/2/15,walking,walking,2015-02-28T19:24:07+05:30,2015-02-28T19:30:33+05:30,386,0.335,797,28
28/2/15,transport,transport,2015-02-28T19:30:32+05:30,2015-02-28T19:38:13+05:30,461,0.223,0,0
28/2/15,walking,walking,2015-02-28T19:38:14+05:30,2015-02-28T19:44:23+05:30,369,0.153,475,13
28/2/15,transport,transport,2015-02-28T21:21:08+05:30,2015-02-28T21:36:00+05:30,892,1.854,0,0
28/2/15,walking,walking,2015-02-28T21:37:18+05:30,2015-02-28T21:37:51+05:30,33,0.015,47,1
28/2/15,walking,walking,2015-02-28T22:25:22+05:30,2015-02-28T22:33:06+05:30,464,0.329,803,27
28/2/15,transport,transport,2015-02-28T22:33:05+05:30,2015-02-28T22:54:54+05:30,1309,6.851,0,0
28/2/15,walking,walking,2015-02-28T22:54:54+05:30,2015-02-28T22:58:35+05:30,221,0.119,383,10
28/2/15,cycling,cycling,2015-02-28T22:58:34+05:30,2015-02-28T23:07:38+05:30,544,1.791,0,65
28/2/15,walking,walking,2015-02-28T23:07:56+05:30,2015-02-28T23:10:56+05:30,180,0.084,171,7
